Certified Bicycle Supply,18,3325102.593979
"Contoso, Ltd.",18,10065803.540242
Cycles Sales and Repair,18,4509888.930751
Famous Bike Sales and Service,18,9293903.004401
Fifth Bike Store,18,3729945.348765
Gasless Cycle Shop,18,3609447.214756
Practical Bike Supply Company,18,10065803.540242
Preferable Bikes,18,1421810.923842
Trusted Catalog Store,18,9293903.004401
Unique Bikes,18,10065803.540242
Urban Sports Emporium,18,5926418.355245
West Wind Distributors,18,1827066.711741
Yellow Bicycle Company,18,10065803.540242
A Cycle Shop,19,3729945.348765
Atypical Bike Company,19,4509888.930751
Bulk Discount Store,19,8503338.645386
Center Cycle Shop,19,3325102.593979
Client Discount Store,19,10065803.540242
Countryside Company,19,10367007.426033
Demand Distributors,19,3729945.348765
Eastside Sporting Goods,19,9293903.004401
Enterprise Center,19,1827066.711741
First Bike Store,19,10065803.540242
First-Rate Outlet,19,3609447.214756
Glossy Bikes,19,9293903.004401
Great Bicycle Supply,19,10065803.540242
Immediate Repair Shop,19,9293903.004401
Imported and Domestic Cycles,19,10367007.426033
Mail-Order Outlet,19,3325102.593979
Mountain Toy Store,19,10065803.540242
Next Door Cycles,19,1827066.711741
Purple Bicycle Company,19,5926418.355245
Second Bike Shop,19,1421810.923842
Small Bike Shop,19,6427005.553889
Superior Hardware Distributors,19,3729945.348765
The Bike Outlet,19,4509888.930751
Timely Shipping Service,19,6427005.553889
Up-To-Date Sports,19,5926418.355245
Uttermost Bike Shop,19,8503338.645386
Amalgamated Parts Shop,20,1827066.711741
Bicycle Merchandise Warehouse,20,6427005.553889
"Bike Goods ",20,7171012.749141
Bike Part Wholesalers,20,1421810.923842
Bold Bike Accessories,20,10367007.426033
Catalog Store,20,9293903.004401
Chic Department Stores,20,10065803.540242
Classic Cycle Store,20,9293903.004401
Closeout Boutique,20,3729945.348765
Cycles Wholesaler & Mfg.,20,8503338.645386
eCommerce Bikes,20,7171012.749141
Elite Bikes,20,10065803.540242
Exclusive Bicycle Mart,20,8503338.645386
Fitness Supplies,20,3325102.593979
Front Sporting Goods,20,3325102.593979
Genial Bike Associates,20,10065803.540242
Metro Bike Works,20,9293903.004401
Modern Bike Store,20,9293903.004401
National Manufacturing,20,3609447.214756
Nonskid Tire Company,20,3325102.593979
Permanent Finish Products,20,6427005.553889
Prosperous Tours,20,8503338.645386
Retail Sporting Equipment,20,6427005.553889
Riders Company,20,10065803.540242
"Sleek Bikes ",20,10065803.540242
Solid Bike Parts,20,10065803.540242
Sports Products Store,20,4509888.930751
Super Sports Store,20,9293903.004401
Systematic Sales,20,6427005.553889
Unusual Bicycle Company,20,1421810.923842
Utilitarian Sporting Goods,20,6427005.553889
Volume Bike Sellers,20,1421810.923842
Wingtip Toys,20,3729945.348765
Active Cycling,21,9293903.004401
All Cycle Shop,21,3325102.593979
Another Sporting Goods Company,21,10367007.426033
Bike World,21,6427005.553889
Budget Toy Store,21,1421810.923842
Convenient Sales and Service,21,3325102.593979
Custom Accessories Company,21,3609447.214756
Economy Center,21,5926418.355245
Exotic Bikes,21,9293903.004401
Fashionable Department Stores,21,9293903.004401
Finer Riding Supplies,21,5926418.355245
Friendly Neighborhood Bikes,21,10065803.540242
Immense Manufacturing Company,21,10065803.540242
Leather and Vinyl Manufacturing,21,9293903.004401
Major Sport Suppliers,21,3729945.348765
Mountain Emporium,21,7171012.749141
Nearby Sporting Goods,21,8503338.645386
Painters Bicycle Specialists,21,9293903.004401
Parts Shop,21,7171012.749141
Professional Cyclists,21,5926418.355245
Racing Bike Outlet,21,3729945.348765
Raw Materials Inc,21,3325102.593979
Roadway Bike Emporium,21,3325102.593979
Road-Way Mart,21,3729945.348765
Safe Cycles Shop,21,3729945.348765
Safe Toys,21,6427005.553889
Selected Distributors,21,7171012.749141
Spa and Exercise Outfitters,21,4509888.930751
Summer Sports Place,21,10065803.540242
Tire Exchange,21,5926418.355245
Unified Sports Company,21,7171012.749141
Vale Riding Supplies,21,6427005.553889
Wholesale Bikes,21,9293903.004401
Active Life Toys,22,5926418.355245
Budget Bike Company,22,7171012.749141
Coalition Bike Company,22,6427005.553889
Distinctive Store,22,6427005.553889
Family's Favorite Bike Shop,22,3609447.214756
Finer Mart,22,3729945.348765
Finish and Sealant Products,22,6427005.553889
Local Hardware Factory,22,10065803.540242
Online Bike Warehouse,22,5926418.355245
Professional Containers and Packaging Co.,22,6427005.553889
Recreation Supplies,22,7171012.749141
Rental Bikes,22,10065803.540242
Retail Cycle Shop,22,10367007.426033
Sheet Metal Manufacturing,22,10065803.540242
Successful Sales Company,22,3325102.593979
Superb Sales and Repair,22,3609447.214756
Sure & Reliable Sporting Goods,22,3729945.348765
Travel Sports,22,3325102.593979
Twelfth Bike Store,22,5926418.355245
World of Bikes,22,10065803.540242
Bicycle Warehouse Inc.,23,1827066.711741
Bikes Anyone?,23,9293903.004401
Bikes for Kids and Adults,23,5926418.355245
Brand New Bikes,23,4509888.930751
Brown Bicycle Company,23,6427005.553889
Exceptional Cycle Services,23,8503338.645386
First Supplies,23,1421810.923842
Friendly Bike Shop,23,9293903.004401
Independent Outlet,23,9293903.004401
Initial Bike Company,23,6427005.553889
Journey Sporting Goods,23,10065803.540242
Leather Seat Factory,23,5926418.355245
Low Price Cycles,23,5926418.355245
Lubricant and Grease Suppliers,23,7171012.749141
Next-Door Bike Store,23,7171012.749141
Noiseless Gear Company,23,7171012.749141
Official Parts Shop,23,3325102.593979
Quantity Discounts,23,10367007.426033
Recommended Bicycles,23,3609447.214756
Serious Cycles,23,3609447.214756
Showcase for Cycles,23,1827066.711741
Some Discount Store,23,3325102.593979
Sports Sales and Rental,23,7171012.749141
Superlative Bikes,23,7171012.749141
The Accessories Store,23,10065803.540242
Versatile Sporting Goods Company,23,1827066.711741
Wholesale Parts,23,5926418.355245
Area Sheet Metal Supply,24,8503338.645386
Blue Bicycle Company,24,9293903.004401
Cross-Country Riding Supplies,24,5926418.355245
Distinctive Cycles Sales & Service,24,7171012.749141
Expert Cycle Store,24,1421810.923842
Express Bike Services,24,8503338.645386
Finished Parts Shop,24,4509888.930751
Futuristic Bikes,24,6427005.553889
Healthy Activity Store,24,10367007.426033
Industrial Supplies,24,7171012.749141
Major Amusement Company,24,4509888.930751
Major Cycling,24,5926418.355245
Mechanical Sports Center,24,9293903.004401
Oils and Fluids Warehouse,24,8503338.645386
Our Sporting Goods Store,24,5926418.355245
Precision Gears Inc.,24,1827066.711741
Rental Gallery,24,1421810.923842
Roadway Supplies,24,6427005.553889
South Bike Company,24,3609447.214756
Speedometer Sales,24,1827066.711741
Synthetic Materials Manufacturing,24,3325102.593979
Bike Products and Accessories,25,9293903.004401
Bikes for Two,25,5926418.355245
Country Parts Shop,25,4509888.930751
Custom Sales and Service,25,5926418.355245
Family Cycle Store,25,3609447.214756
Fitness Sport Boutique,25,9293903.004401
Games and Sport Supply Company,25,7171012.749141
General Bike Corporation,25,3609447.214756
General Industries,25,5926418.355245
Helmets and Cycles,25,1421810.923842
"Helpful Sales and Repair Service ",25,1421810.923842
Hiatus Bike Tours,25,4509888.930751
Juvenile Sports Equipment,25,7171012.749141
Mail Market,25,8503338.645386
Mountain Bike Center,25,6427005.553889
Nearby Cycle Shop,25,8503338.645386
New and Used Bicycles,25,7171012.749141
Off-Price Bike Center,25,1827066.711741
Retail Sales and Service,25,9293903.004401
Teen Discount Store,25,1827066.711741
Tenth Bike Store,25,5926418.355245
The Bike Mechanics,25,9293903.004401
The Cycle Store,25,9293903.004401
Traditional Department Stores,25,9293903.004401
Western Bike Supplies,25,6427005.553889
Wheels Inc.,25,4509888.930751
Widget Bicycle Specialists,25,7171012.749141
Corner Bicycle Supply,26,5926418.355245
Endurance Bikes,26,9293903.004401
"Fabrikam Inc., East",26,1827066.711741
Fasteners & Bolts Outlet,26,3609447.214756
Fitness Discount Store,26,1421810.923842
Functional Store South,26,1827066.711741
Gear-Shift Bikes Limited,26,5926418.355245
Global Sports Outlet,26,1421810.923842
Novelty Bikes,26,9293903.004401
Riding Cycles,26,8503338.645386
The Bike Shop,26,3729945.348765
Township Inn,26,4509888.930751
Underglaze and Finish Company,26,7171012.749141
Vast Bike Sales and Rental,26,3325102.593979
Ace Bicycle Supply,27,4509888.930751
Action Bicycle Specialists,27,8503338.645386
Bike Boutique,27,9293903.004401
Bike Rims Company,27,7171012.749141
Bikes and Motorbikes,27,3609447.214756
Consumer Equipment,27,8503338.645386
Downhill Bicycle Specialists,27,8503338.645386
Economic Parts Supply,27,9293903.004401
Excellent Bikes,27,1827066.711741
Expert Sports Store,27,9293903.004401
Extended Tours,27,8503338.645386
Future Bikes,27,5926418.355245
Global Bike Retailers,27,1827066.711741
Grand Cycle Store,27,3729945.348765
Grand Industries,27,3609447.214756
Major Bicycle Store,27,1421810.923842
Metro Sports Equipment,27,4509888.930751
More Bikes!,27,10367007.426033
One-Piece Handle Bars,27,7171012.749141
Only Bikes and Accessories,27,9293903.004401
Purchase Mart,27,9293903.004401
Rally Master Company Inc,27,6427005.553889
Region Bike Company,27,1421810.923842
Roving Sports,27,3325102.593979
Rural Sales and Service,27,10065803.540242
Social Activities Club,27,10065803.540242
The Showroom,27,5926418.355245
Bicycle Outfitters,28,9293903.004401
Central Bicycle Specialists,28,8503338.645386
Channel Outlet,28,8503338.645386
Convenient Bike Shop,28,9293903.004401
Cycle Clearance,28,3325102.593979
Cycle Merchants,28,3609447.214756
District Mall,28,10065803.540242
Good Bicycle Store,28,1827066.711741
Grand Sport Boutique,28,9293903.004401
Hometown Riding Supplies,28,1827066.711741
Latest Sports Equipment,28,3729945.348765
Lease-a-Bike Shop,28,9293903.004401
Mountain Bike Store,28,9293903.004401
Professional Sales and Service,28,10367007.426033
Quality Bike Sales,28,1421810.923842
Racing Toys,28,6427005.553889
Steel Inc.,28,4509888.930751
Swift Cycles,28,10065803.540242
Two Bike Shops,28,3325102.593979
Uncompromising Quality Co,28,1421810.923842
Active Transport Inc.,29,9293903.004401
All Seasons Sports Supply,29,10065803.540242
Authentic Sales and Service,29,8503338.645386
Bicycle Accessories and Kits,29,3729945.348765
Consolidated Sales,29,7171012.749141
Cross-town Parts Shop,29,1421810.923842
Extended Bike Sales,29,10367007.426033
Fad Outlet,29,3325102.593979
Fitness Hotel,29,10065803.540242
Instant Cycle Store,29,4509888.930751
Instruments and Parts Company,29,8503338.645386
Liquidation Sales,29,1421810.923842
Lots of Bikes Storehouse,29,10065803.540242
Machines & Cycles Store,29,3609447.214756
Metropolitan Manufacturing,29,6427005.553889
Number 1 Supply,29,6427005.553889
Qualified Sales and Repair Services,29,7171012.749141
Rambling Tours,29,1827066.711741
Real Sporting Goods,29,6427005.553889
Rural Department Store,29,6427005.553889
Sharp Bikes,29,5926418.355245
Stock Parts and Supplies,29,3729945.348765
Sunny Place Bikes,29,7171012.749141
Traction Tire Company,29,10367007.426033
Variety Cycling,29,8503338.645386
Weekend Tours,29,9293903.004401
Bicycle Lines Distributors,30,10065803.540242
Distant Inn,30,6427005.553889
Elemental Sporting Goods,30,7171012.749141
Extraordinary Bike Works,30,10065803.540242
Fleet Bikes,30,10367007.426033
Highway Bike Shop,30,6427005.553889
Larger Cycle Shop,30,9293903.004401
Metro Cycle Shop,30,3729945.348765
One Bike Company,30,5926418.355245
Quitting Business Distributors,30,7171012.749141
Responsible Bike Dealers,30,10065803.540242
Sports Merchandise,30,3325102.593979
Westside Plaza,30,6427005.553889
Acceptable Sales & Service,31,5926418.355245
Active Systems,31,10065803.540242
Basic Sports Equipment,31,10367007.426033
Brakes and Gears,31,10367007.426033
Distance Bikes,31,7171012.749141
Eastside Cycle Shop,31,1421810.923842
Executive Discount Store,31,7171012.749141
Fitness Cycling,31,6427005.553889
Fitness Toys,31,1827066.711741
Frugal Bike Shop,31,6427005.553889
Functional Store North,31,7171012.749141
General Cycle Storehouse,31,3609447.214756
General Supplies,31,5926418.355245
Home Town Bike Store,31,3609447.214756
Latest Accessories Sales,31,3729945.348765
List Price Catalog Company,31,1421810.923842
Nuts and Bolts Mfg.,31,3609447.214756
Pedaling Components,31,1827066.711741
Producer Goods Clearinghouse,31,1827066.711741
Recreation Toy Store,31,4509888.930751
Red Bicycle Company,31,5926418.355245
Requisite Part Supply,31,5926418.355245
Resale Services,31,10367007.426033
Rural Cycle Emporium,31,5926418.355245
Rural Mountain Bike Mart,31,4509888.930751
Separate Parts Corporation,31,6427005.553889
Specialty Sports Store,31,10065803.540242
Third Bike Store,31,10065803.540242
Transport Bikes,31,6427005.553889
Twin Cycles,31,1421810.923842
Valuable Bike Parts Company,31,7171012.749141
Vehicle Shop,31,6427005.553889
Camping and Sports Store,32,5926418.355245
Citywide Service and Repair,32,5926418.355245
Commuter Bicycle Store,32,5926418.355245
Educational Services,32,1827066.711741
Every Bike Shop,32,7171012.749141
Farthermost Bike Shop,32,6427005.553889
Farthest Bike Store,32,5926418.355245
Getaway Inn,32,4509888.930751
Large Bike Shop,32,3609447.214756
Largest Bike Store,32,10065803.540242
Lustrous Paints and Components,32,1827066.711741
Nationwide Supply,32,1421810.923842
Odometers and Accessories Company,32,3609447.214756
Popular Bike Lines,32,1421810.923842
Racing Partners,32,5926418.355245
Racing Store,32,4509888.930751
Rally Day Mall,32,7171012.749141
Retail Sporting Goods,32,6427005.553889
Retail Toy Store,32,7171012.749141
Sensational Discount Store,32,7171012.749141
Spare Parts Co.,32,4509888.930751
Sturdy Toys,32,6427005.553889
Thrifty Parts and Sales,32,10367007.426033
Top Bike Market,32,3609447.214756
Transportation Options,32,5926418.355245
Worthwhile Activity Store,32,7171012.749141
Big-Time Bike Store,33,6427005.553889
Capital Riding Supplies,33,1827066.711741
Cycling Goods,33,8503338.645386
Downtown Hotel,33,6427005.553889
Extreme Riding Supplies,33,10367007.426033
First Center,33,4509888.930751
Fitness Bike Accessories,33,1421810.923842
Full Sports Supply,33,4509888.930751
Greater Bike Store,33,5926418.355245
"Health Spa, Limited",33,5926418.355245
Main Bicycle Services,33,10367007.426033
Major Equipment Co,33,1827066.711741
Metal Processing Company,33,3609447.214756
Metropolitan Equipment,33,4509888.930751
Outstanding Cycles,33,3729945.348765
Primary Bike Distributors,33,3609447.214756
Principal Bike Company,33,6427005.553889
Racing Association,33,7171012.749141
Rapid Bikes,33,5926418.355245
Stationary Bikes and Stands,33,10065803.540242
Tandem Bicycle Store,33,7171012.749141
Top of the Line Bikes,33,1827066.711741
Top Sports Supply,33,5926418.355245
Tread Industries,33,7171012.749141
Two-Seater Bikes,33,10065803.540242
Casual Bicycle Store,34,9293903.004401
Clamps & Brackets Co.,34,9293903.004401
Commerce Bicycle Specialists,34,8503338.645386
Cycle Parts and Accessories,34,1421810.923842
Eighty Toy Stores,34,7171012.749141
Maintenance and Repair for Bicycles,34,10065803.540242
Manufacturers Inc,34,7171012.749141
Neighborhood Bicycle Storehouse,34,4509888.930751
Quick Delivery Service,34,3609447.214756
Rural Sporting Goods,34,1827066.711741
Sixth Bike Store,34,5926418.355245
Standard Bikes,34,5926418.355245
Accessories Network,35,4509888.930751
Alpine Ski House,35,10367007.426033
Bike Experts,35,3325102.593979
Coho Sports,35,3729945.348765
Curbside Universe,35,9293903.004401
Exemplary Cycles,35,7171012.749141
Exertion Activities Club,35,6427005.553889
Finer Cycle Shop,35,3609447.214756
Finer Sporting Goods,35,4509888.930751
Good Toys,35,10367007.426033
Grown-up Bike Store,35,9293903.004401
Ideal Components,35,1421810.923842
Irregulars Outlet,35,1827066.711741
Leisure Activities,35,5926418.355245
Metal Clearing House,35,5926418.355245
Orange Bicycle Company,35,10065803.540242
Pedals Warehouse,35,7171012.749141
Pretty Bikes and Toys,35,4509888.930751
Quick Parts and Service,35,3609447.214756
Reliable Retail Center,35,3609447.214756
Scratch-Resistant Finishes Company,35,5926418.355245
Sports Commodities,35,3729945.348765
Sundry Sporting Goods,35,5926418.355245
Unsurpassed Bikes,35,10065803.540242
Vigorous Sports Store,35,8503338.645386
Alternative Vehicles,36,3325102.593979
Black Bicycle Company,36,10065803.540242
Cash & Carry Bikes,36,10065803.540242
Community Department Stores,36,4509888.930751
First Department Stores,36,3729945.348765
Front Runner Bikes,36,7171012.749141
Gears and Parts Company,36,1421810.923842
General Riding Supplies,36,3609447.214756
Incomparable Bicycle Store,36,9293903.004401
Metropolitan Bicycle Supply,36,8503338.645386
Nearby Bike Mall,36,1827066.711741
Neighborhood Store,36,3609447.214756
Racing Tours,36,4509888.930751
Registered Cycle Store,36,4509888.930751
Retail Discount Store,36,5926418.355245
Stylish Department Stores,36,7171012.749141
Tire Company,36,9293903.004401
Two-Wheeled Transit Company,36,5926418.355245
Wonderful Bikes Inc.,36,7171012.749141
A Typical Bike Shop,37,10065803.540242
Area Bike Accessories,37,6427005.553889
Associated Bikes,37,6427005.553889
Basic Bike Company,37,3729945.348765
Beneficial Exercises and Activities,37,10065803.540242
Consolidated Messenger,37,3609447.214756
Courteous Bicycle Specialists,37,5926418.355245
Famous Bike Shop,37,3609447.214756
Fun Times Club,37,6427005.553889
General Department Stores,37,3609447.214756
Good Bike Shop,37,10065803.540242
Historic Bicycle Sales,37,9293903.004401
Kickstands and Accessories Company,37,3325102.593979
North Bike Company,37,1827066.711741
Number One Bike Co.,37,8503338.645386
Online Bike Sellers,37,9293903.004401
Optimal Bikes,37,7171012.749141
Plastic Products Manufacturers,37,1421810.923842
Recreation Systems,37,9293903.004401
Retirement Activities Association,37,7171012.749141
Retreat Inn,37,5926418.355245
Scooters and Bikes Store,37,3325102.593979
Strenuous Exercise Shop,37,10367007.426033
Suburban Cycle Shop,37,3729945.348765
The Gear Store,37,10065803.540242
Capable Sales and Service,38,3325102.593979
Fast Services,38,1827066.711741
Fitness Toy Store,38,10065803.540242
Fourth Bike Store,38,9293903.004401
"Great Bikes ",38,3729945.348765
Kickstand Sellers,38,9293903.004401
Leading Sales & Repair,38,10065803.540242
Outdoor Aerobic Systems Company,38,8503338.645386
Outdoor Sporting Goods,38,6427005.553889
Sparkling Paint and Finishes,38,10367007.426033
Ultimate Bike Shop,38,7171012.749141
Valley Bicycle Distributors,38,6427005.553889
Aerobic Exercise Company,39,10367007.426033
Authorized Bike Sales and Rental,39,3325102.593979
Big Cycle Mall,39,10065803.540242
Designer Department Stores,39,10065803.540242
Economy Bikes Company,39,10367007.426033
Exhilarating Cycles,39,9293903.004401
Family Entertainment Center,39,3325102.593979
Finer Sales and Service,39,5926418.355245
Friendly Bike Shop,39,3729945.348765
Genuine Bike Shop,39,10065803.540242
Locks Company,39,6427005.553889
Original Bicycle Supply Company,39,5926418.355245
Outdoor Equipment Store,39,9293903.004401
Pedal Systems Company,39,7171012.749141
Resident Cycle Shop,39,7171012.749141
Rugged Bikes,39,3729945.348765
Sales and Supply Company,39,9293903.004401
Security Racks and Locks Wholesalers,39,6427005.553889
Sellers of Cycles,39,3325102.593979
Sports Store,39,8503338.645386
The Bicycle Accessories Company,39,6427005.553889
Tough and Reliable Parts,39,7171012.749141
Touring Services,39,7171012.749141
Tubeless Tire Company,39,8503338.645386
Vinyl and Plastic Goods Corporation,39,5926418.355245
Acclaimed Bicycle Company,40,7171012.749141
Brightwork Company,40,6427005.553889
City Manufacturing,40,3325102.593979
Commercial Sporting Goods,40,6427005.553889
Designated Distributors,40,5926418.355245
Eastside Department Store,40,10367007.426033
Excellent Riding Supplies,40,7171012.749141
Grease and Oil Products Company,40,10065803.540242
Little Bicycle Supply Shop,40,10065803.540242
Many Bikes Store,40,6427005.553889
Mercantile Outlet,40,5926418.355245
Parcel Express Delivery Service,40,3729945.348765
Price-Cutter Discount Bikes,40,5926418.355245
Reliable Brake Systems,40,7171012.749141
Road Way Sales and Rental,40,5926418.355245
Satin Finish Company,40,10065803.540242
Spoke Manufacturers,40,7171012.749141
Strong Metal Manufacturing,40,9293903.004401
This Area Sporting Goods,40,10065803.540242
Valley Bicycle Specialists,40,10065803.540242
Valley Toy Store,40,5926418.355245
Vigorous Exercise Company,40,5926418.355245
Wheelsets Storehouse,40,9293903.004401
World Bike Discount Store,40,10367007.426033
Year-Round Sports,40,3729945.348765
Affordable Sports Equipment,41,6427005.553889
Certified Sports Supply,41,5926418.355245
Cycles and Scooters,41,7171012.749141
Field Trip Inc,41,9293903.004401
Flawless Bike Shop,41,10367007.426033
Golf and Cycle Store,41,6427005.553889
Impromptu Trips,41,3729945.348765
Leading Bike Distributors,41,7171012.749141
Metro Bike Mart,41,7171012.749141
Metropolitan Sports Supply,41,6427005.553889
Out-of-the-Way Hotels,41,10065803.540242
Paints and Solvents Company,41,6427005.553889
Petroleum Products Distributors,41,5926418.355245
Plastic Parts Company,41,3609447.214756
Racing Sales and Service,41,4509888.930751
Remote Bicycle Specialists,41,5926418.355245
Riding Associates,41,3325102.593979
Riverside Company,41,9293903.004401
Running and Cycling Gear,41,3729945.348765
Sensible Sports,41,1421810.923842
Shipping Specialists,41,8503338.645386
Tiny Bike Boutique,41,7171012.749141
Topnotch Bikes,41,7171012.749141
Two Wheels Cycle Store,41,10367007.426033
Weekend Bike Tours,41,6427005.553889
Extreme Toy Store,42,7171012.749141
Fitness Department Stores,42,6427005.553889
Hardware Components,42,10065803.540242
Jumbo Bikes,42,1421810.923842
Metro Manufacturing,42,5926418.355245
Preferred Bikes,42,10367007.426033
Primary Cycle Shop,42,1827066.711741
Racing Supply Distributors,42,4509888.930751
Retail Mall,42,5926418.355245
Sporting Goods and Bicycle Shop,42,7171012.749141
Toy Manufacturing Inc,42,3609447.214756
Trailblazing Sports,42,6427005.553889
Chain and Chain Tool Distributions,43,7171012.749141
City Cycling,43,5926418.355245
Closest Bicycle Store,43,8503338.645386
Daring Rides,43,7171012.749141
"Fabrikam Inc., West",43,9293903.004401
General Associates,43,7171012.749141
Hobby Store,43,7171012.749141
Imaginary Toys,43,3325102.593979
Little Sports Center,43,8503338.645386
Major Sporting Goods,43,10367007.426033
Mass Market Bikes,43,1421810.923842
Metropolitan Sales and Rental,43,9293903.004401
Modular Cycle Systems,43,10065803.540242
Nearest Bike Store,43,1421810.923842
Principal Bicycle Supply,43,7171012.749141
Racks and Security Systems,43,7171012.749141
Rodeway Bike Store,43,1827066.711741
Rustic Bike Store,43,1827066.711741
Sample Bike Store,43,10367007.426033
Seats and Saddles Company,43,3609447.214756
Self-Contained Cycle Parts Company,43,4509888.930751
Technical Parts Manufacturing,43,6427005.553889
Trendy Department Stores,43,6427005.553889
Work and Play Association,43,9293903.004401
Workout Emporium,43,5926418.355245
A Bicycle Association,44,9293903.004401
Better Bike Shop,44,7171012.749141
Eighth Bike Store,44,6427005.553889
Eleventh Bike Store,44,9293903.004401
Exchange Parts Inc.,44,7171012.749141
Executive Gift Store,44,9293903.004401
Exercise Center,44,6427005.553889
Favorite Toy Distributor,44,4509888.930751
Finer Parts Shop,44,3729945.348765
Global Plaza,44,7171012.749141
Handy Bike Services,44,9293903.004401
Honest Repair Service,44,3325102.593979
Nice Bikes,44,3609447.214756
Non-Slip Pedal Company,44,5926418.355245
Online Bike Catalog,44,1421810.923842
Outdoor Toy Store,44,4509888.930751
Rampart Amusement Company,44,8503338.645386
Refined Department Stores,44,5926418.355245
Regional Cycle Shop,44,1827066.711741
Retread Tire Company,44,7171012.749141
Simple Bike Parts,44,7171012.749141
Thorough Parts and Repair Services,44,3325102.593979
Travel Systems,44,10065803.540242
West Side Mart,44,8503338.645386
Wire Baskets and Parts,44,10367007.426033
Advanced Bike Components,45,10065803.540242
Best Cycle Store,45,1827066.711741
Bike Dealers Association,45,6427005.553889
Commendable Bikes,45,3729945.348765
Eastward Bike Accessories,45,1421810.923842
Efficient Cycling,45,5926418.355245
Exhibition Showroom,45,8503338.645386
Full-Service Bike Store,45,9293903.004401
Futuristic Sport Distributors,45,6427005.553889
Global Sporting Goods,45,10065803.540242
Grand Discount Store,45,9293903.004401
Kids and Adults Cycle Shop,45,1421810.923842
Links Works,45,1827066.711741
Metro Metals Co.,45,8503338.645386
Moderately-Priced Bikes Store,45,3325102.593979
New Bikes Company,45,7171012.749141
Outdoor Distributors,45,9293903.004401
Perfect Toys,45,4509888.930751
Professional Sporting Goods,45,9293903.004401
Regional Manufacturing,45,6427005.553889
Rewarding Activities Company,45,3609447.214756
Rich Department Store,45,1421810.923842
The New Bike Store,45,10367007.426033
Town Industries,45,10065803.540242
Ultimate Bicycle Company,45,4509888.930751
Another Bicycle Company,46,3729945.348765
Fun Toys and Bikes,46,6427005.553889
Grand Bicycle Stores,46,10065803.540242
Local Sales and Rental,46,10065803.540242
Outdoor Sports Supply,46,3325102.593979
Seventh Bike Store,46,9293903.004401
Best o' Bikes,47,10065803.540242
Bicycle Exporters,47,1827066.711741
Curbside Sporting Goods,47,6427005.553889
Essential Bike Works,47,8503338.645386
Fashionable Bikes and Accessories,47,6427005.553889
Go-cart and Bike Specialists,47,10065803.540242
Impervious Paint Company,47,4509888.930751
Inexpensive Parts Shop,47,1421810.923842
Margie's Travel,47,9293903.004401
Paint Supply,47,10065803.540242
Pro Sporting Goods,47,10367007.426033
Progressive Sports,47,3729945.348765
Remarkable Bike Store,47,10367007.426033
Small Bike Accessories Shop,47,9293903.004401
Tandem Sales and Service,47,3609447.214756
Tires and Tubes,47,3325102.593979
"Unicycles, Bicycles, and Tricycles",47,6427005.553889
Westside Cycle Store,47,10065803.540242
Wheel Gallery,47,6427005.553889
A Great Bicycle Company,48,10065803.540242
Activity Center,48,7171012.749141
Bike Universe,48,6427005.553889
Central Discount Store,48,3729945.348765
Discount Bicycle Specialists,48,10065803.540242
Discount Tours,48,6427005.553889
Engineered Bike Systems,48,6427005.553889
Fast Bike Works,48,1421810.923842
Gift and Toy Store,48,10065803.540242
Guaranteed Sales and Service,48,9293903.004401
Mechanical Products Ltd.,48,6427005.553889
Metallic Paint and Overcoat Co,48,6427005.553889
Riding Excursions,48,10367007.426033
Small Cycle Store,48,9293903.004401
Sports Products Store,48,10367007.426033
Tachometers and Accessories,48,8503338.645386
Thrilling Bike Tours,48,10367007.426033
Very Best Sports Supply,48,1827066.711741
Village Tours,48,7171012.749141
A Bike Store,49,3325102.593979
Blue-Ribbon Bike Company,49,7171012.749141
Eastside Parts Shop,49,5926418.355245
Extras Sporting Goods,49,10065803.540242
Field Trip Store,49,10367007.426033
First Cycle Store,49,6427005.553889
Leisure Clearing House,49,8503338.645386
Mechanical Brake Manufacturers,49,1827066.711741
Mobile Outlet,49,9293903.004401
Operational Manufacturing,49,3609447.214756
Professional Cycle Store,49,6427005.553889
Reasonable Bicycle Sales,49,6427005.553889
Roadway Bicycle Supply,49,4509888.930751
Rural Bicycle Supply,49,5926418.355245
Seaside Bike Works,49,1421810.923842
The Commissary,49,5926418.355245
Totes & Baskets Company,49,10065803.540242
Variety Bike Outlet,49,7171012.749141
Vintage Sport Boutique,49,3729945.348765
