Certified Bicycle Supply,18,3748246.1218
"Contoso, Ltd.",18,11342385.8968
Cycles Sales and Repair,18,5087977.212
Famous Bike Sales and Service,18,10475367.0751
Fifth Bike Store,18,4207894.6025
Gasless Cycle Shop,18,4069422.2109
Practical Bike Supply Company,18,11342385.8968
Preferable Bikes,18,1606441.4471
Trusted Catalog Store,18,10475367.0751
Unique Bikes,18,11342385.8968
Urban Sports Emporium,18,6683536.6583
West Wind Distributors,18,2062393.1371
Yellow Bicycle Company,18,11342385.8968
A Cycle Shop,19,4207894.6025
Atypical Bike Company,19,5087977.212
Bulk Discount Store,19,9585124.9477
Center Cycle Shop,19,3748246.1218
Client Discount Store,19,11342385.8968
Countryside Company,19,11695019.0605
Demand Distributors,19,4207894.6025
Eastside Sporting Goods,19,10475367.0751
Enterprise Center,19,2062393.1371
First Bike Store,19,11342385.8968
First-Rate Outlet,19,4069422.2109
Glossy Bikes,19,10475367.0751
Great Bicycle Supply,19,11342385.8968
Immediate Repair Shop,19,10475367.0751
Imported and Domestic Cycles,19,11695019.0605
Mail-Order Outlet,19,3748246.1218
Mountain Toy Store,19,11342385.8968
Next Door Cycles,19,2062393.1371
Purple Bicycle Company,19,6683536.6583
Second Bike Shop,19,1606441.4471
Small Bike Shop,19,7259567.8761
Superior Hardware Distributors,19,4207894.6025
The Bike Outlet,19,5087977.212
Timely Shipping Service,19,7259567.8761
Up-To-Date Sports,19,6683536.6583
Uttermost Bike Shop,19,9585124.9477
Amalgamated Parts Shop,20,2062393.1371
Bicycle Merchandise Warehouse,20,7259567.8761
"Bike Goods ",20,8086073.6761
Bike Part Wholesalers,20,1606441.4471
Bold Bike Accessories,20,11695019.0605
Catalog Store,20,10475367.0751
Chic Department Stores,20,11342385.8968
Classic Cycle Store,20,10475367.0751
Closeout Boutique,20,4207894.6025
Cycles Wholesaler & Mfg.,20,9585124.9477
eCommerce Bikes,20,8086073.6761
Elite Bikes,20,11342385.8968
Exclusive Bicycle Mart,20,9585124.9477
Fitness Supplies,20,3748246.1218
Front Sporting Goods,20,3748246.1218
Genial Bike Associates,20,11342385.8968
Metro Bike Works,20,10475367.0751
Modern Bike Store,20,10475367.0751
National Manufacturing,20,4069422.2109
Nonskid Tire Company,20,3748246.1218
Permanent Finish Products,20,7259567.8761
Prosperous Tours,20,9585124.9477
Retail Sporting Equipment,20,7259567.8761
Riders Company,20,11342385.8968
"Sleek Bikes ",20,11342385.8968
Solid Bike Parts,20,11342385.8968
Sports Products Store,20,5087977.212
Super Sports Store,20,10475367.0751
Systematic Sales,20,7259567.8761
Unusual Bicycle Company,20,1606441.4471
Utilitarian Sporting Goods,20,7259567.8761
Volume Bike Sellers,20,1606441.4471
Wingtip Toys,20,4207894.6025
Active Cycling,21,10475367.0751
All Cycle Shop,21,3748246.1218
Another Sporting Goods Company,21,11695019.0605
Bike World,21,7259567.8761
Budget Toy Store,21,1606441.4471
Convenient Sales and Service,21,3748246.1218
Custom Accessories Company,21,4069422.2109
Economy Center,21,6683536.6583
Exotic Bikes,21,10475367.0751
Fashionable Department Stores,21,10475367.0751
Finer Riding Supplies,21,6683536.6583
Friendly Neighborhood Bikes,21,11342385.8968
Immense Manufacturing Company,21,11342385.8968
Leather and Vinyl Manufacturing,21,10475367.0751
Major Sport Suppliers,21,4207894.6025
Mountain Emporium,21,8086073.6761
Nearby Sporting Goods,21,9585124.9477
Painters Bicycle Specialists,21,10475367.0751
Parts Shop,21,8086073.6761
Professional Cyclists,21,6683536.6583
Racing Bike Outlet,21,4207894.6025
Raw Materials Inc,21,3748246.1218
Roadway Bike Emporium,21,3748246.1218
Road-Way Mart,21,4207894.6025
Safe Cycles Shop,21,4207894.6025
Safe Toys,21,7259567.8761
Selected Distributors,21,8086073.6761
Spa and Exercise Outfitters,21,5087977.212
Summer Sports Place,21,11342385.8968
Tire Exchange,21,6683536.6583
Unified Sports Company,21,8086073.6761
Vale Riding Supplies,21,7259567.8761
Wholesale Bikes,21,10475367.0751
Active Life Toys,22,6683536.6583
Budget Bike Company,22,8086073.6761
Coalition Bike Company,22,7259567.8761
Distinctive Store,22,7259567.8761
Family's Favorite Bike Shop,22,4069422.2109
Finer Mart,22,4207894.6025
Finish and Sealant Products,22,7259567.8761
Local Hardware Factory,22,11342385.8968
Online Bike Warehouse,22,6683536.6583
Professional Containers and Packaging Co.,22,7259567.8761
Recreation Supplies,22,8086073.6761
Rental Bikes,22,11342385.8968
Retail Cycle Shop,22,11695019.0605
Sheet Metal Manufacturing,22,11342385.8968
Successful Sales Company,22,3748246.1218
Superb Sales and Repair,22,4069422.2109
Sure & Reliable Sporting Goods,22,4207894.6025
Travel Sports,22,3748246.1218
Twelfth Bike Store,22,6683536.6583
World of Bikes,22,11342385.8968
Bicycle Warehouse Inc.,23,2062393.1371
Bikes Anyone?,23,10475367.0751
Bikes for Kids and Adults,23,6683536.6583
Brand New Bikes,23,5087977.212
Brown Bicycle Company,23,7259567.8761
Exceptional Cycle Services,23,9585124.9477
First Supplies,23,1606441.4471
Friendly Bike Shop,23,10475367.0751
Independent Outlet,23,10475367.0751
Initial Bike Company,23,7259567.8761
Journey Sporting Goods,23,11342385.8968
Leather Seat Factory,23,6683536.6583
Low Price Cycles,23,6683536.6583
Lubricant and Grease Suppliers,23,8086073.6761
Next-Door Bike Store,23,8086073.6761
Noiseless Gear Company,23,8086073.6761
Official Parts Shop,23,3748246.1218
Quantity Discounts,23,11695019.0605
Recommended Bicycles,23,4069422.2109
Serious Cycles,23,4069422.2109
Showcase for Cycles,23,2062393.1371
Some Discount Store,23,3748246.1218
Sports Sales and Rental,23,8086073.6761
Superlative Bikes,23,8086073.6761
The Accessories Store,23,11342385.8968
Versatile Sporting Goods Company,23,2062393.1371
Wholesale Parts,23,6683536.6583
Area Sheet Metal Supply,24,9585124.9477
Blue Bicycle Company,24,10475367.0751
Cross-Country Riding Supplies,24,6683536.6583
Distinctive Cycles Sales & Service,24,8086073.6761
Expert Cycle Store,24,1606441.4471
Express Bike Services,24,9585124.9477
Finished Parts Shop,24,5087977.212
Futuristic Bikes,24,7259567.8761
Healthy Activity Store,24,11695019.0605
Industrial Supplies,24,8086073.6761
Major Amusement Company,24,5087977.212
Major Cycling,24,6683536.6583
Mechanical Sports Center,24,10475367.0751
Oils and Fluids Warehouse,24,9585124.9477
Our Sporting Goods Store,24,6683536.6583
Precision Gears Inc.,24,2062393.1371
Rental Gallery,24,1606441.4471
Roadway Supplies,24,7259567.8761
South Bike Company,24,4069422.2109
Speedometer Sales,24,2062393.1371
Synthetic Materials Manufacturing,24,3748246.1218
Bike Products and Accessories,25,10475367.0751
Bikes for Two,25,6683536.6583
Country Parts Shop,25,5087977.212
Custom Sales and Service,25,6683536.6583
Family Cycle Store,25,4069422.2109
Fitness Sport Boutique,25,10475367.0751
Games and Sport Supply Company,25,8086073.6761
General Bike Corporation,25,4069422.2109
General Industries,25,6683536.6583
Helmets and Cycles,25,1606441.4471
"Helpful Sales and Repair Service ",25,1606441.4471
Hiatus Bike Tours,25,5087977.212
Juvenile Sports Equipment,25,8086073.6761
Mail Market,25,9585124.9477
Mountain Bike Center,25,7259567.8761
Nearby Cycle Shop,25,9585124.9477
New and Used Bicycles,25,8086073.6761
Off-Price Bike Center,25,2062393.1371
Retail Sales and Service,25,10475367.0751
Teen Discount Store,25,2062393.1371
Tenth Bike Store,25,6683536.6583
The Bike Mechanics,25,10475367.0751
The Cycle Store,25,10475367.0751
Traditional Department Stores,25,10475367.0751
Western Bike Supplies,25,7259567.8761
Wheels Inc.,25,5087977.212
Widget Bicycle Specialists,25,8086073.6761
Corner Bicycle Supply,26,6683536.6583
Endurance Bikes,26,10475367.0751
"Fabrikam Inc., East",26,2062393.1371
Fasteners & Bolts Outlet,26,4069422.2109
Fitness Discount Store,26,1606441.4471
Functional Store South,26,2062393.1371
Gear-Shift Bikes Limited,26,6683536.6583
Global Sports Outlet,26,1606441.4471
Novelty Bikes,26,10475367.0751
Riding Cycles,26,9585124.9477
The Bike Shop,26,4207894.6025
Township Inn,26,5087977.212
Underglaze and Finish Company,26,8086073.6761
Vast Bike Sales and Rental,26,3748246.1218
Ace Bicycle Supply,27,5087977.212
Action Bicycle Specialists,27,9585124.9477
Bike Boutique,27,10475367.0751
Bike Rims Company,27,8086073.6761
Bikes and Motorbikes,27,4069422.2109
Consumer Equipment,27,9585124.9477
Downhill Bicycle Specialists,27,9585124.9477
Economic Parts Supply,27,10475367.0751
Excellent Bikes,27,2062393.1371
Expert Sports Store,27,10475367.0751
Extended Tours,27,9585124.9477
Future Bikes,27,6683536.6583
Global Bike Retailers,27,2062393.1371
Grand Cycle Store,27,4207894.6025
Grand Industries,27,4069422.2109
Major Bicycle Store,27,1606441.4471
Metro Sports Equipment,27,5087977.212
More Bikes!,27,11695019.0605
One-Piece Handle Bars,27,8086073.6761
Only Bikes and Accessories,27,10475367.0751
Purchase Mart,27,10475367.0751
Rally Master Company Inc,27,7259567.8761
Region Bike Company,27,1606441.4471
Roving Sports,27,3748246.1218
Rural Sales and Service,27,11342385.8968
Social Activities Club,27,11342385.8968
The Showroom,27,6683536.6583
Bicycle Outfitters,28,10475367.0751
Central Bicycle Specialists,28,9585124.9477
Channel Outlet,28,9585124.9477
Convenient Bike Shop,28,10475367.0751
Cycle Clearance,28,3748246.1218
Cycle Merchants,28,4069422.2109
District Mall,28,11342385.8968
Good Bicycle Store,28,2062393.1371
Grand Sport Boutique,28,10475367.0751
Hometown Riding Supplies,28,2062393.1371
Latest Sports Equipment,28,4207894.6025
Lease-a-Bike Shop,28,10475367.0751
Mountain Bike Store,28,10475367.0751
Professional Sales and Service,28,11695019.0605
Quality Bike Sales,28,1606441.4471
Racing Toys,28,7259567.8761
Steel Inc.,28,5087977.212
Swift Cycles,28,11342385.8968
Two Bike Shops,28,3748246.1218
Uncompromising Quality Co,28,1606441.4471
Active Transport Inc.,29,10475367.0751
All Seasons Sports Supply,29,11342385.8968
Authentic Sales and Service,29,9585124.9477
Bicycle Accessories and Kits,29,4207894.6025
Consolidated Sales,29,8086073.6761
Cross-town Parts Shop,29,1606441.4471
Extended Bike Sales,29,11695019.0605
Fad Outlet,29,3748246.1218
Fitness Hotel,29,11342385.8968
Instant Cycle Store,29,5087977.212
Instruments and Parts Company,29,9585124.9477
Liquidation Sales,29,1606441.4471
Lots of Bikes Storehouse,29,11342385.8968
Machines & Cycles Store,29,4069422.2109
Metropolitan Manufacturing,29,7259567.8761
Number 1 Supply,29,7259567.8761
Qualified Sales and Repair Services,29,8086073.6761
Rambling Tours,29,2062393.1371
Real Sporting Goods,29,7259567.8761
Rural Department Store,29,7259567.8761
Sharp Bikes,29,6683536.6583
Stock Parts and Supplies,29,4207894.6025
Sunny Place Bikes,29,8086073.6761
Traction Tire Company,29,11695019.0605
Variety Cycling,29,9585124.9477
Weekend Tours,29,10475367.0751
Bicycle Lines Distributors,30,11342385.8968
Distant Inn,30,7259567.8761
Elemental Sporting Goods,30,8086073.6761
Extraordinary Bike Works,30,11342385.8968
Fleet Bikes,30,11695019.0605
Highway Bike Shop,30,7259567.8761
Larger Cycle Shop,30,10475367.0751
Metro Cycle Shop,30,4207894.6025
One Bike Company,30,6683536.6583
Quitting Business Distributors,30,8086073.6761
Responsible Bike Dealers,30,11342385.8968
Sports Merchandise,30,3748246.1218
Westside Plaza,30,7259567.8761
Acceptable Sales & Service,31,6683536.6583
Active Systems,31,11342385.8968
Basic Sports Equipment,31,11695019.0605
Brakes and Gears,31,11695019.0605
Distance Bikes,31,8086073.6761
Eastside Cycle Shop,31,1606441.4471
Executive Discount Store,31,8086073.6761
Fitness Cycling,31,7259567.8761
Fitness Toys,31,2062393.1371
Frugal Bike Shop,31,7259567.8761
Functional Store North,31,8086073.6761
General Cycle Storehouse,31,4069422.2109
General Supplies,31,6683536.6583
Home Town Bike Store,31,4069422.2109
Latest Accessories Sales,31,4207894.6025
List Price Catalog Company,31,1606441.4471
Nuts and Bolts Mfg.,31,4069422.2109
Pedaling Components,31,2062393.1371
Producer Goods Clearinghouse,31,2062393.1371
Recreation Toy Store,31,5087977.212
Red Bicycle Company,31,6683536.6583
Requisite Part Supply,31,6683536.6583
Resale Services,31,11695019.0605
Rural Cycle Emporium,31,6683536.6583
Rural Mountain Bike Mart,31,5087977.212
Separate Parts Corporation,31,7259567.8761
Specialty Sports Store,31,11342385.8968
Third Bike Store,31,11342385.8968
Transport Bikes,31,7259567.8761
Twin Cycles,31,1606441.4471
Valuable Bike Parts Company,31,8086073.6761
Vehicle Shop,31,7259567.8761
Camping and Sports Store,32,6683536.6583
Citywide Service and Repair,32,6683536.6583
Commuter Bicycle Store,32,6683536.6583
Educational Services,32,2062393.1371
Every Bike Shop,32,8086073.6761
Farthermost Bike Shop,32,7259567.8761
Farthest Bike Store,32,6683536.6583
Getaway Inn,32,5087977.212
Large Bike Shop,32,4069422.2109
Largest Bike Store,32,11342385.8968
Lustrous Paints and Components,32,2062393.1371
Nationwide Supply,32,1606441.4471
Odometers and Accessories Company,32,4069422.2109
Popular Bike Lines,32,1606441.4471
Racing Partners,32,6683536.6583
Racing Store,32,5087977.212
Rally Day Mall,32,8086073.6761
Retail Sporting Goods,32,7259567.8761
Retail Toy Store,32,8086073.6761
Sensational Discount Store,32,8086073.6761
Spare Parts Co.,32,5087977.212
Sturdy Toys,32,7259567.8761
Thrifty Parts and Sales,32,11695019.0605
Top Bike Market,32,4069422.2109
Transportation Options,32,6683536.6583
Worthwhile Activity Store,32,8086073.6761
Big-Time Bike Store,33,7259567.8761
Capital Riding Supplies,33,2062393.1371
Cycling Goods,33,9585124.9477
Downtown Hotel,33,7259567.8761
Extreme Riding Supplies,33,11695019.0605
First Center,33,5087977.212
Fitness Bike Accessories,33,1606441.4471
Full Sports Supply,33,5087977.212
Greater Bike Store,33,6683536.6583
"Health Spa, Limited",33,6683536.6583
Main Bicycle Services,33,11695019.0605
Major Equipment Co,33,2062393.1371
Metal Processing Company,33,4069422.2109
Metropolitan Equipment,33,5087977.212
Outstanding Cycles,33,4207894.6025
Primary Bike Distributors,33,4069422.2109
Principal Bike Company,33,7259567.8761
Racing Association,33,8086073.6761
Rapid Bikes,33,6683536.6583
Stationary Bikes and Stands,33,11342385.8968
Tandem Bicycle Store,33,8086073.6761
Top of the Line Bikes,33,2062393.1371
Top Sports Supply,33,6683536.6583
Tread Industries,33,8086073.6761
Two-Seater Bikes,33,11342385.8968
Casual Bicycle Store,34,10475367.0751
Clamps & Brackets Co.,34,10475367.0751
Commerce Bicycle Specialists,34,9585124.9477
Cycle Parts and Accessories,34,1606441.4471
Eighty Toy Stores,34,8086073.6761
Maintenance and Repair for Bicycles,34,11342385.8968
Manufacturers Inc,34,8086073.6761
Neighborhood Bicycle Storehouse,34,5087977.212
Quick Delivery Service,34,4069422.2109
Rural Sporting Goods,34,2062393.1371
Sixth Bike Store,34,6683536.6583
Standard Bikes,34,6683536.6583
Accessories Network,35,5087977.212
Alpine Ski House,35,11695019.0605
Bike Experts,35,3748246.1218
Coho Sports,35,4207894.6025
Curbside Universe,35,10475367.0751
Exemplary Cycles,35,8086073.6761
Exertion Activities Club,35,7259567.8761
Finer Cycle Shop,35,4069422.2109
Finer Sporting Goods,35,5087977.212
Good Toys,35,11695019.0605
Grown-up Bike Store,35,10475367.0751
Ideal Components,35,1606441.4471
Irregulars Outlet,35,2062393.1371
Leisure Activities,35,6683536.6583
Metal Clearing House,35,6683536.6583
Orange Bicycle Company,35,11342385.8968
Pedals Warehouse,35,8086073.6761
Pretty Bikes and Toys,35,5087977.212
Quick Parts and Service,35,4069422.2109
Reliable Retail Center,35,4069422.2109
Scratch-Resistant Finishes Company,35,6683536.6583
Sports Commodities,35,4207894.6025
Sundry Sporting Goods,35,6683536.6583
Unsurpassed Bikes,35,11342385.8968
Vigorous Sports Store,35,9585124.9477
Alternative Vehicles,36,3748246.1218
Black Bicycle Company,36,11342385.8968
Cash & Carry Bikes,36,11342385.8968
Community Department Stores,36,5087977.212
First Department Stores,36,4207894.6025
Front Runner Bikes,36,8086073.6761
Gears and Parts Company,36,1606441.4471
General Riding Supplies,36,4069422.2109
Incomparable Bicycle Store,36,10475367.0751
Metropolitan Bicycle Supply,36,9585124.9477
Nearby Bike Mall,36,2062393.1371
Neighborhood Store,36,4069422.2109
Racing Tours,36,5087977.212
Registered Cycle Store,36,5087977.212
Retail Discount Store,36,6683536.6583
Stylish Department Stores,36,8086073.6761
Tire Company,36,10475367.0751
Two-Wheeled Transit Company,36,6683536.6583
Wonderful Bikes Inc.,36,8086073.6761
A Typical Bike Shop,37,11342385.8968
Area Bike Accessories,37,7259567.8761
Associated Bikes,37,7259567.8761
Basic Bike Company,37,4207894.6025
Beneficial Exercises and Activities,37,11342385.8968
Consolidated Messenger,37,4069422.2109
Courteous Bicycle Specialists,37,6683536.6583
Famous Bike Shop,37,4069422.2109
Fun Times Club,37,7259567.8761
General Department Stores,37,4069422.2109
Good Bike Shop,37,11342385.8968
Historic Bicycle Sales,37,10475367.0751
Kickstands and Accessories Company,37,3748246.1218
North Bike Company,37,2062393.1371
Number One Bike Co.,37,9585124.9477
Online Bike Sellers,37,10475367.0751
Optimal Bikes,37,8086073.6761
Plastic Products Manufacturers,37,1606441.4471
Recreation Systems,37,10475367.0751
Retirement Activities Association,37,8086073.6761
Retreat Inn,37,6683536.6583
Scooters and Bikes Store,37,3748246.1218
Strenuous Exercise Shop,37,11695019.0605
Suburban Cycle Shop,37,4207894.6025
The Gear Store,37,11342385.8968
Capable Sales and Service,38,3748246.1218
Fast Services,38,2062393.1371
Fitness Toy Store,38,11342385.8968
Fourth Bike Store,38,10475367.0751
"Great Bikes ",38,4207894.6025
Kickstand Sellers,38,10475367.0751
Leading Sales & Repair,38,11342385.8968
Outdoor Aerobic Systems Company,38,9585124.9477
Outdoor Sporting Goods,38,7259567.8761
Sparkling Paint and Finishes,38,11695019.0605
Ultimate Bike Shop,38,8086073.6761
Valley Bicycle Distributors,38,7259567.8761
Aerobic Exercise Company,39,11695019.0605
Authorized Bike Sales and Rental,39,3748246.1218
Big Cycle Mall,39,11342385.8968
Designer Department Stores,39,11342385.8968
Economy Bikes Company,39,11695019.0605
Exhilarating Cycles,39,10475367.0751
Family Entertainment Center,39,3748246.1218
Finer Sales and Service,39,6683536.6583
Friendly Bike Shop,39,4207894.6025
Genuine Bike Shop,39,11342385.8968
Locks Company,39,7259567.8761
Original Bicycle Supply Company,39,6683536.6583
Outdoor Equipment Store,39,10475367.0751
Pedal Systems Company,39,8086073.6761
Resident Cycle Shop,39,8086073.6761
Rugged Bikes,39,4207894.6025
Sales and Supply Company,39,10475367.0751
Security Racks and Locks Wholesalers,39,7259567.8761
Sellers of Cycles,39,3748246.1218
Sports Store,39,9585124.9477
The Bicycle Accessories Company,39,7259567.8761
Tough and Reliable Parts,39,8086073.6761
Touring Services,39,8086073.6761
Tubeless Tire Company,39,9585124.9477
Vinyl and Plastic Goods Corporation,39,6683536.6583
Acclaimed Bicycle Company,40,8086073.6761
Brightwork Company,40,7259567.8761
City Manufacturing,40,3748246.1218
Commercial Sporting Goods,40,7259567.8761
Designated Distributors,40,6683536.6583
Eastside Department Store,40,11695019.0605
Excellent Riding Supplies,40,8086073.6761
Grease and Oil Products Company,40,11342385.8968
Little Bicycle Supply Shop,40,11342385.8968
Many Bikes Store,40,7259567.8761
Mercantile Outlet,40,6683536.6583
Parcel Express Delivery Service,40,4207894.6025
Price-Cutter Discount Bikes,40,6683536.6583
Reliable Brake Systems,40,8086073.6761
Road Way Sales and Rental,40,6683536.6583
Satin Finish Company,40,11342385.8968
Spoke Manufacturers,40,8086073.6761
Strong Metal Manufacturing,40,10475367.0751
This Area Sporting Goods,40,11342385.8968
Valley Bicycle Specialists,40,11342385.8968
Valley Toy Store,40,6683536.6583
Vigorous Exercise Company,40,6683536.6583
Wheelsets Storehouse,40,10475367.0751
World Bike Discount Store,40,11695019.0605
Year-Round Sports,40,4207894.6025
Affordable Sports Equipment,41,7259567.8761
Certified Sports Supply,41,6683536.6583
Cycles and Scooters,41,8086073.6761
Field Trip Inc,41,10475367.0751
Flawless Bike Shop,41,11695019.0605
Golf and Cycle Store,41,7259567.8761
Impromptu Trips,41,4207894.6025
Leading Bike Distributors,41,8086073.6761
Metro Bike Mart,41,8086073.6761
Metropolitan Sports Supply,41,7259567.8761
Out-of-the-Way Hotels,41,11342385.8968
Paints and Solvents Company,41,7259567.8761
Petroleum Products Distributors,41,6683536.6583
Plastic Parts Company,41,4069422.2109
Racing Sales and Service,41,5087977.212
Remote Bicycle Specialists,41,6683536.6583
Riding Associates,41,3748246.1218
Riverside Company,41,10475367.0751
Running and Cycling Gear,41,4207894.6025
Sensible Sports,41,1606441.4471
Shipping Specialists,41,9585124.9477
Tiny Bike Boutique,41,8086073.6761
Topnotch Bikes,41,8086073.6761
Two Wheels Cycle Store,41,11695019.0605
Weekend Bike Tours,41,7259567.8761
Extreme Toy Store,42,8086073.6761
Fitness Department Stores,42,7259567.8761
Hardware Components,42,11342385.8968
Jumbo Bikes,42,1606441.4471
Metro Manufacturing,42,6683536.6583
Preferred Bikes,42,11695019.0605
Primary Cycle Shop,42,2062393.1371
Racing Supply Distributors,42,5087977.212
Retail Mall,42,6683536.6583
Sporting Goods and Bicycle Shop,42,8086073.6761
Toy Manufacturing Inc,42,4069422.2109
Trailblazing Sports,42,7259567.8761
Chain and Chain Tool Distributions,43,8086073.6761
City Cycling,43,6683536.6583
Closest Bicycle Store,43,9585124.9477
Daring Rides,43,8086073.6761
"Fabrikam Inc., West",43,10475367.0751
General Associates,43,8086073.6761
Hobby Store,43,8086073.6761
Imaginary Toys,43,3748246.1218
Little Sports Center,43,9585124.9477
Major Sporting Goods,43,11695019.0605
Mass Market Bikes,43,1606441.4471
Metropolitan Sales and Rental,43,10475367.0751
Modular Cycle Systems,43,11342385.8968
Nearest Bike Store,43,1606441.4471
Principal Bicycle Supply,43,8086073.6761
Racks and Security Systems,43,8086073.6761
Rodeway Bike Store,43,2062393.1371
Rustic Bike Store,43,2062393.1371
Sample Bike Store,43,11695019.0605
Seats and Saddles Company,43,4069422.2109
Self-Contained Cycle Parts Company,43,5087977.212
Technical Parts Manufacturing,43,7259567.8761
Trendy Department Stores,43,7259567.8761
Work and Play Association,43,10475367.0751
Workout Emporium,43,6683536.6583
A Bicycle Association,44,10475367.0751
Better Bike Shop,44,8086073.6761
Eighth Bike Store,44,7259567.8761
Eleventh Bike Store,44,10475367.0751
Exchange Parts Inc.,44,8086073.6761
Executive Gift Store,44,10475367.0751
Exercise Center,44,7259567.8761
Favorite Toy Distributor,44,5087977.212
Finer Parts Shop,44,4207894.6025
Global Plaza,44,8086073.6761
Handy Bike Services,44,10475367.0751
Honest Repair Service,44,3748246.1218
Nice Bikes,44,4069422.2109
Non-Slip Pedal Company,44,6683536.6583
Online Bike Catalog,44,1606441.4471
Outdoor Toy Store,44,5087977.212
Rampart Amusement Company,44,9585124.9477
Refined Department Stores,44,6683536.6583
Regional Cycle Shop,44,2062393.1371
Retread Tire Company,44,8086073.6761
Simple Bike Parts,44,8086073.6761
Thorough Parts and Repair Services,44,3748246.1218
Travel Systems,44,11342385.8968
West Side Mart,44,9585124.9477
Wire Baskets and Parts,44,11695019.0605
Advanced Bike Components,45,11342385.8968
Best Cycle Store,45,2062393.1371
Bike Dealers Association,45,7259567.8761
Commendable Bikes,45,4207894.6025
Eastward Bike Accessories,45,1606441.4471
Efficient Cycling,45,6683536.6583
Exhibition Showroom,45,9585124.9477
Full-Service Bike Store,45,10475367.0751
Futuristic Sport Distributors,45,7259567.8761
Global Sporting Goods,45,11342385.8968
Grand Discount Store,45,10475367.0751
Kids and Adults Cycle Shop,45,1606441.4471
Links Works,45,2062393.1371
Metro Metals Co.,45,9585124.9477
Moderately-Priced Bikes Store,45,3748246.1218
New Bikes Company,45,8086073.6761
Outdoor Distributors,45,10475367.0751
Perfect Toys,45,5087977.212
Professional Sporting Goods,45,10475367.0751
Regional Manufacturing,45,7259567.8761
Rewarding Activities Company,45,4069422.2109
Rich Department Store,45,1606441.4471
The New Bike Store,45,11695019.0605
Town Industries,45,11342385.8968
Ultimate Bicycle Company,45,5087977.212
Another Bicycle Company,46,4207894.6025
Fun Toys and Bikes,46,7259567.8761
Grand Bicycle Stores,46,11342385.8968
Local Sales and Rental,46,11342385.8968
Outdoor Sports Supply,46,3748246.1218
Seventh Bike Store,46,10475367.0751
Best o' Bikes,47,11342385.8968
Bicycle Exporters,47,2062393.1371
Curbside Sporting Goods,47,7259567.8761
Essential Bike Works,47,9585124.9477
Fashionable Bikes and Accessories,47,7259567.8761
Go-cart and Bike Specialists,47,11342385.8968
Impervious Paint Company,47,5087977.212
Inexpensive Parts Shop,47,1606441.4471
Margie's Travel,47,10475367.0751
Paint Supply,47,11342385.8968
Pro Sporting Goods,47,11695019.0605
Progressive Sports,47,4207894.6025
Remarkable Bike Store,47,11695019.0605
Small Bike Accessories Shop,47,10475367.0751
Tandem Sales and Service,47,4069422.2109
Tires and Tubes,47,3748246.1218
"Unicycles, Bicycles, and Tricycles",47,7259567.8761
Westside Cycle Store,47,11342385.8968
Wheel Gallery,47,7259567.8761
A Great Bicycle Company,48,11342385.8968
Activity Center,48,8086073.6761
Bike Universe,48,7259567.8761
Central Discount Store,48,4207894.6025
Discount Bicycle Specialists,48,11342385.8968
Discount Tours,48,7259567.8761
Engineered Bike Systems,48,7259567.8761
Fast Bike Works,48,1606441.4471
Gift and Toy Store,48,11342385.8968
Guaranteed Sales and Service,48,10475367.0751
Mechanical Products Ltd.,48,7259567.8761
Metallic Paint and Overcoat Co,48,7259567.8761
Riding Excursions,48,11695019.0605
Small Cycle Store,48,10475367.0751
Sports Products Store,48,11695019.0605
Tachometers and Accessories,48,9585124.9477
Thrilling Bike Tours,48,11695019.0605
Very Best Sports Supply,48,2062393.1371
Village Tours,48,8086073.6761
A Bike Store,49,3748246.1218
Blue-Ribbon Bike Company,49,8086073.6761
Eastside Parts Shop,49,6683536.6583
Extras Sporting Goods,49,11342385.8968
Field Trip Store,49,11695019.0605
First Cycle Store,49,7259567.8761
Leisure Clearing House,49,9585124.9477
Mechanical Brake Manufacturers,49,2062393.1371
Mobile Outlet,49,10475367.0751
Operational Manufacturing,49,4069422.2109
Professional Cycle Store,49,7259567.8761
Reasonable Bicycle Sales,49,7259567.8761
Roadway Bicycle Supply,49,5087977.212
Rural Bicycle Supply,49,6683536.6583
Seaside Bike Works,49,1606441.4471
The Commissary,49,6683536.6583
Totes & Baskets Company,49,11342385.8968
Variety Bike Outlet,49,8086073.6761
Vintage Sport Boutique,49,4207894.6025
